symbol	arguments	value_or_expression	source_line
RTL_RTK_CPUICR		0x000	47
RTL_RTK_CPURPDCR0		0x004	48
RTL_RTK_CPURMDCR0		0x01c	49
RTL_RTK_CPUTPDCR0		0x020	50
RTL_RTK_CPUIIMR		0x028	51
RTL_RTK_CPUIISR		0x02c	52
RTL_RTK_DMA_CR0		0x03c	53
RTL_RTK_DMA_CR1		0x040	54
RTL_RTK_DMA_CR2		0x044	55
RTL_RTK_CPUTPDCR2		0x060	56
RTL_RTK_CPUTPDCR3		0x064	57
RTL_RTK_DMA_CR3		0x068	58
RTL_RTK_TXRINGCR		0x078	59
RTL_RTK_CPUIMCR		0x080	60
RTL_RTK_DMA_CR4		0x0a0	61
RTL_RTK_CPUICR1		0x0a4	62
RTL_RTK_CPUQDM0		0x030	64
RTL_RTK_CPUQDM2		0x034	65
RTL_RTK_CPUQDM4		0x038	66
RTL_RTK_CPUQDM_CPU_RX_DESC_SHIFT		12	67
RTL_RTK_CPUQDM_EXT1_RX_DESC_SHIFT		8	68
RTL_RTK_CPUQDM_EXT2_RX_DESC_SHIFT		4	69
RTL_RTK_CPUQDM_EXT3_RX_DESC_SHIFT		0	70
RTL_RTK_CPUQDM_ALL_TO_RING0		0x00000000	71
RTL_RTK_CPUICR_TXCMD		BIT(31)	74
RTL_RTK_CPUICR_RXCMD		BIT(30)	75
RTL_RTK_CPUICR_BUSBURST_32		0	76
RTL_RTK_CPUICR_BUSBURST_64		BIT(28)	77
RTL_RTK_CPUICR_BUSBURST_128		(2 << 28)	78
RTL_RTK_CPUICR_MBUF_2048		(4 << 24)	79
RTL_RTK_CPUICR_TXFD		BIT(23)	80
RTL_RTK_CPUICR_SOFTRST		BIT(22)	81
RTL_RTK_CPUICR_STOPTX		BIT(21)	82
RTL_RTK_CPUICR_EXCLUDE_CRC		BIT(16)	83
RTL_RTK_CPUICR1_TXRX_DIV_LX		BIT(0)	86
RTL_RTK_CPUICR1_LE		BIT(1)	87
RTL_RTK_CPUICR1_TSO_ID_SEL		BIT(4)	88
RTL_RTK_CPUICR1_RX_GATHER		BIT(5)	89
RTL_RTK_CPUICR1_TX_GATHER		BIT(6)	90
RTL_RTK_CPUICR1_PKT_HDR_TYPE_MASK		(3 << 8)	91
RTL_RTK_CPUICR1_PKT_HDR_8198C_DEF		(0 << 8)	92
RTL_RTK_CPUICR1_PKT_HDR_SHORTCUT_LSO		(1 << 8)	93
RTL_RTK_CPUICR1_TXDESC_OFFSET		12	94
RTL_RTK_CPUICR1_TXDESC_MASK		(0x3f << RTL_RTK_CPUICR1_TXDESC_OFFSET)	95
RTL_RTK_CPUICR1_RXDESC_OFFSET		18	96
RTL_RTK_CPUICR1_RXDESC_MASK		(0x3f << RTL_RTK_CPUICR1_RXDESC_OFFSET)	97
RTL_RTK_INT_LINK_CHANGE		BIT(31)	100
RTL_RTK_INT_RX_ERR0		BIT(25)	101
RTL_RTK_INT_TX_ERR0		BIT(23)	102
RTL_RTK_INT_RX_RUNOUT0		BIT(17)	103
RTL_RTK_INT_MBUF_RUNOUT0		BIT(16)	104
RTL_RTK_INT_TX_DONE0		BIT(9)	105
RTL_RTK_INT_RX_DONE0		BIT(3)	106
RTL_RTK_INT_TX_ALL_DONE0		BIT(1)	107
RTL_RTK_INT_RX_DONE_ALL		(0x3f << 3)	108
RTL_RTK_INT_TX_ALL_DONE_ALL		(0x03 << 1)	109
RTL_RTK_INT_PKTHDR_RUNOUT_ALL		(0x3f << 17)	110
RTL_RTK_INT_MBUF_RUNOUT_ALL		BIT(16)	111
RTL_RTK_INT_RX_MASK		(RTL_RTK_INT_RX_DONE0 | \	113
RTL_RTK_INT_TX_MASK		(RTL_RTK_INT_TX_DONE0 | \	117
RTL_RTK_INT_MASK		(RTL_RTK_INT_RX_MASK | \	120
RTL_RTK_DMA_CR0_LOW_FIFO_MARK_MASK		(0xff << 8)	125
RTL_RTK_DMA_CR0_HIGH_FIFO_MARK_MASK		0xff	126
RTL_RTK_DMA_CR0_LOW_FIFO_MARK	(v)	(((v) & 0xff) << 8)	127
RTL_RTK_DMA_CR0_HIGH_FIFO_MARK	(v)	((v) & 0xff)	128
RTL_RTK_DMA_CR4_TX_RING0_TAIL_AWARE		BIT(0)	129
RTL_RTK_SWCORE_SWMISC_BASE		0x4200	137
RTL_RTK_SWMISC_SSIR		0x004	138
RTL_RTK_SWMISC_TRXRDY		BIT(0)	139
RTL_RTK_SWCORE_MACCR		0x4000	140
RTL_RTK_SWCORE_MACCR1		0x4058	141
RTL_RTK_SWCORE_PITCR		0x4100	142
RTL_RTK_SWCORE_P0GMIICR		0x414c	143
RTL_RTK_SWCORE_MACCTRL1		0x5100	144
RTL_RTK_MACCR_P0_GIGA_LINK		BIT(12)	145
RTL_RTK_MACCR1_P0_ROUTER_MODE		BIT(0)	146
RTL_RTK_MACCR1_RMD_TAG_MASK		GENMASK(7, 6)	147
RTL_RTK_PITCR_P0_EXT_INTERFACE		BIT(0)	148
RTL_RTK_P0GMIICR_CPU_TAG_RX		BIT(25)	149
RTL_RTK_P0GMIICR_CPU_TAG_TX		BIT(26)	150
RTL_RTK_P0GMIICR_GMAC_MASK		GENMASK(24, 23)	151
RTL_RTK_P0GMIICR_RGTXC_MASK		GENMASK(19, 18)	152
RTL_RTK_P0GMIICR_RGTXC	(_v)	(((_v) & 0x3U) << 18)	153
RTL_RTK_P0GMIICR_RGTXC_3		RTL_RTK_P0GMIICR_RGTXC(3)	154
RTL_RTK_P0GMIICR_TX_DELAY_MASK		BIT(4)	155
RTL_RTK_P0GMIICR_RX_DELAY_MASK		GENMASK(2, 0)	156
RTL_RTK_P0GMIICR_RX_DELAY_VG		6U	157
RTL_RTK_P0GMIICR_CONF_DONE		BIT(6)	158
RTL_RTK_MACCTRL1_CMAC_CLK_SEL		BIT(0)	159
RTL_RTK_MACCTRL1_CMAC_LATPKT_EN		BIT(5)	160
RTL_RTK_MACCTRL1_CMAC_LATPKT_TYPE		BIT(6)	161
RTL_RTK_SYSTEM_SYS_CLK_MAG		0x010	162
RTL_RTK_SYSTEM_PAD_CTRL_1		0x850	163
RTL_RTK_SYSTEM_GIMR		0x3000	164
RTL_RTK_PAD_P0_RGMII_DN_SHIFT		29	165
RTL_RTK_PAD_P0_RGMII_DN_MASK		GENMASK(31, 29)	166
RTL_RTK_PAD_P0_RGMII_DP_SHIFT		26	167
RTL_RTK_PAD_P0_RGMII_DP_MASK		GENMASK(28, 26)	168
RTL_RTK_PAD_P0_RGMII_MODE		BIT(25)	169
RTL_RTK_PAD_P0_TX_E2		BIT(22)	170
RTL_RTK_PAD_P0_VG_BIT21		BIT(21)	171
RTL_RTK_PAD_P0_DRIVE_VG		6U	172
RTL_RTK_SYSTEM_GISR		0x3004	173
RTL_RTK_GIMR_BSP_SW_IE		BIT(15)	174
RTL_RTK_RD05_PRIV_RESEED		(SIOCDEVPRIVATE + 0)	175
RTL_RTK_RD05_PRIV_RXSTART		(SIOCDEVPRIVATE + 1)	176
RTL_RTK_RD05_PRIV_VENDOR_SIDE		(SIOCDEVPRIVATE + 2)	177
RTL_RTK_SYS_SW_CLK_ENABLE		BIT(9)	178
RTL_RTK_SYS_CLK_ACTIVE_SWCORE		BIT(11)	179
RTL_RTK_SYS_CLK_ACTIVE_LX1_ARB		BIT(13)	180
RTL_RTK_SYS_CLK_ACTIVE_LX1_CLK		BIT(12)	181
RTL_RTK_SYS_CLK_ACTIVE_LX2_ARB		BIT(20)	182
RTL_RTK_SYS_CLK_ACTIVE_LX2_CLK		BIT(19)	183
RTL_RTK_ACL_TABLE_ENTRY0_PHYS		0x1b0c0000	184
RTL_RTK_SWCORE_TMRCR		0x6300	195
RTL_RTK_SWCORE_PPMAR		0x4010	196
RTL_RTK_SWCORE_PATP	(_p)	(0x4014 + ((_p) * 4))	197
RTL_RTK_SWCORE_PCRP	(_p)	(0x4104 + ((_p) * 4))	198
RTL_RTK_SWCORE_RMACR		0x4408	199
RTL_RTK_SWCORE_ALECR		0x440c	200
RTL_RTK_SWCORE_SBFCR0		0x4500	201
RTL_RTK_SWCORE_SBFCR1		0x4504	202
RTL_RTK_SWCORE_SBFCR2		0x4508	203
RTL_RTK_SWCORE_PBFCR	(_p)	(0x450c + ((_p) * 4))	204
RTL_RTK_SWCORE_PQPLGR		0x45d8	205
RTL_RTK_SWCORE_QRR		0x45dc	206
RTL_RTK_SWCORE_QIDDPCR		0x4750	207
RTL_RTK_SWCORE_RMCR1P		0x476c	208
RTL_RTK_SWCORE_DSCPRM0		0x4770	209
RTL_RTK_SWCORE_DSCPRM1		0x4774	210
RTL_RTK_SWCORE_RLRC		0x4778	211
RTL_RTK_SWCORE_P0Q0RGCR	(_n)	(0x4800 + ((_n) * 4))	212
RTL_RTK_SWCORE_WFQRCRP0	(_n)	(0x48b0 + ((_n) * 12))	213
RTL_RTK_SWCORE_ELBPCR		0x4904	214
RTL_RTK_SWCORE_ELBTTCR		0x4908	215
RTL_RTK_SWCORE_ILBPCR1		0x490c	216
RTL_RTK_SWCORE_ILBPCR2		0x4910	217
RTL_RTK_SWCORE_IGPRIVCR0		0x5168	218
RTL_RTK_SWCORE_IGPRIVCR1		0x516c	219
RTL_RTK_SWCORE_IGPRIVCR2		0x5170	220
RTL_RTK_SWCORE_IPV6CR1		0x5204	221
RTL_RTK_TMRCR_ENHSBTESTMODE		BIT(1)	222
RTL_RTK_PCRP_MAC_SW_RESET		BIT(3)	223
RTL_RTK_PCRP_ENABLE_PHY_IF		BIT(0)	224
RTL_RTK_PCRP_EN_FORCE_MODE		BIT(25)	225
RTL_RTK_PCRP_POLL_LINK_STATUS		BIT(24)	226
RTL_RTK_PCRP_EXT_PHYID_SHIFT		26	227
RTL_RTK_PCRP_EXT_PHYID_MASK		(0x1fU << RTL_RTK_PCRP_EXT_PHYID_SHIFT)	228
RTL_RTK_PCRP_FORCE_LINK		BIT(23)	229
RTL_RTK_PCRP_FORCE_STATUS_MASK		GENMASK(22, 18)	230
RTL_RTK_PCRP_FORCE_SPEED_1000M		(2U << 19)	231
RTL_RTK_PCRP_FORCE_DUPLEX		BIT(18)	232
RTL_RTK_PCRP_PAUSE_MASK		GENMASK(17, 16)	233
RTL_RTK_PCRP_PAUSE_TXRX		(3U << 16)	234
RTL_RTK_PCRP_MII_RXER		BIT(13)	235
RTL_RTK_PCRP_STP_MASK		GENMASK(5, 4)	236
RTL_RTK_PCRP_STP_FORWARDING		(3U << 4)	237
RTL_RTK_RD05_P0_EXT_PHY_ID		5U	238
RTL_RTK_QIDDPCR_SDK_INIT		0x00011111	239
RTL_RTK_SBFCR0_SDK_INIT		0x000001e0	240
RTL_RTK_SBFCR1_SDK_INIT		0x019001cc	241
RTL_RTK_SBFCR2_SDK_INIT		0x0050006c	242
RTL_RTK_PBFCR_SDK_INIT		0x003c005a	243
RTL_RTK_ELBPCR_SDK_INIT		0x00003326	244
RTL_RTK_ELBTTCR_SDK_INIT		0x00000400	245
RTL_RTK_ILBPCR1_SDK_INIT		0x00000000	246
RTL_RTK_ILBPCR2_SDK_INIT		0x00003326	247
RTL_RTK_P0QRGCR_SDK_INIT		0x7ff03fff	248
RTL_RTK_WFQRCRP0_SDK_INIT		0x000fffff	249
RTL_RTK_PQPLGR_SDK_INIT		0x00181818	250
RTL_RTK_TXRINGCR_TX_RING0_EN		BIT(0)	251
RTL_RTK_TXRINGCR_TX_RING1_EN		BIT(1)	252
RTL_RTK_TXRINGCR_TX_RING2_EN		BIT(2)	253
RTL_RTK_TXRINGCR_TX_RING3_EN		BIT(3)	254
RTL_RTK_TXRINGCR_TX_RING_ROUND		BIT(4)	255
RTL_RTK_TXRINGCR_TXDCP_BP_EN	(v)	(((v) & 0xf) << 8)	256
RTL_RTK_TXRINGCR_TXRING2_TO_FIFO	(v)	(((v) & 0x3) << 16)	257
RTL_RTK_TXRINGCR_TXRING3_TO_FIFO	(v)	(((v) & 0x3) << 18)	258
RTL_RTK_TXRINGCR_BLEN_ADJ_EN		BIT(31)	259
RTL_RTK_TXRINGCR_8197F_VG_INIT		( RTL_RTK_TXRINGCR_BLEN_ADJ_EN | \	260
RTL_RTK_SWCORE_ALE_BASE		0x4400	282
RTL_RTK_SWCORE_TACI_BASE		0x4d00	283
RTL_RTK_SWTACR		(RTL_RTK_SWCORE_TACI_BASE + 0x000)	284
RTL_RTK_SWTASR		(RTL_RTK_SWCORE_TACI_BASE + 0x004)	285
RTL_RTK_SWTAA		(RTL_RTK_SWCORE_TACI_BASE + 0x008)	286
RTL_RTK_TCR0		(RTL_RTK_SWCORE_TACI_BASE + 0x020)	287
RTL_RTK_TCR1		(RTL_RTK_SWCORE_TACI_BASE + 0x024)	288
RTL_RTK_TCR2		(RTL_RTK_SWCORE_TACI_BASE + 0x028)	289
RTL_RTK_TCR3		(RTL_RTK_SWCORE_TACI_BASE + 0x02c)	290
RTL_RTK_TCR4		(RTL_RTK_SWCORE_TACI_BASE + 0x030)	291
RTL_RTK_TCR5		(RTL_RTK_SWCORE_TACI_BASE + 0x034)	292
RTL_RTK_TCR6		(RTL_RTK_SWCORE_TACI_BASE + 0x038)	293
RTL_RTK_TCR7		(RTL_RTK_SWCORE_TACI_BASE + 0x03c)	294
RTL_RTK_TCR8		(RTL_RTK_SWCORE_TACI_BASE + 0x040)	295
RTL_RTK_TCR9		(RTL_RTK_SWCORE_TACI_BASE + 0x044)	296
RTL_RTK_TCR10		(RTL_RTK_SWCORE_TACI_BASE + 0x048)	297
RTL_RTK_TACI_ACTION_START		BIT(0)	298
RTL_RTK_TACI_ACTION_MASK		BIT(0)	299
RTL_RTK_TACI_CMD_FORCE		BIT(3)	300
RTL_RTK_TACI_TABSTS_FAIL		BIT(0)	301
RTL_RTK_ASICTBL_BASE_KSEG1		0xbb000000	302
RTL_RTK_ASICTBL_ENTRY_LEN		32	303
RTL_RTK_ASICTBL_TYPE_L2		0	304
RTL_RTK_ASICTBL_TYPE_NETIF		4	305
RTL_RTK_ASICTBL_TYPE_VLAN		6	306
RTL_RTK_ASICTBL_TYPE_ACL		12	307
RTL_RTK_RD05_HOST_PORT		0	315
RTL_RTK_RD05_HOST_MBR		BIT(RTL_RTK_RD05_HOST_PORT)	316
RTL_RTK_RD05_OEM_WAN_VID		8	317
RTL_RTK_SWCORE_MSCR		0x4410	320
RTL_RTK_SWCORE_SWTCR0		0x4418	321
RTL_RTK_SWCORE_SWTCR1		0x441c	322
RTL_RTK_SWCORE_PLITIMR		0x4420	323
RTL_RTK_SWCORE_DACLRCR		0x4424	324
RTL_RTK_SWCORE_FFCR		0x4428	325
RTL_RTK_SWCORE_PVCR0		0x4a08	326
RTL_RTK_SWCORE_PTRAPCR		0x7024	327
RTL_RTK_DACLRCR_ACLI_STA	(v)	((v) & 0xff)	328
RTL_RTK_DACLRCR_ACLI_END	(v)	(((v) & 0xff) << 8)	329
RTL_RTK_DACLRCR_ACLO_STA	(v)	(((v) & 0xff) << 16)	330
RTL_RTK_DACLRCR_ACLO_END	(v)	(((v) & 0xff) << 24)	331
RTL_RTK_DACLRCR_ING_0_4_EG_253		\	332
RTL_RTK_PTRAPCR_EN_ARP_TRAP		BIT(24)	335
RTL_RTK_PTRAPCR_EN_PPPOE_TRAP		BIT(26)	336
RTL_RTK_PTRAPCR_EN_DHCP67_TRAP		BIT(28)	337
RTL_RTK_PTRAPCR_EN_DHCP68_TRAP		BIT(29)	338
RTL_RTK_PTRAPCR_RD05_TRAPS		\	339
RTL_RTK_MSCR_EN_L2		BIT(0)	342
RTL_RTK_MSCR_EN_L3		BIT(1)	343
RTL_RTK_MSCR_EN_IN_ACL		BIT(4)	344
RTL_RTK_SWTCR0_LIMDBC_MASK		GENMASK(17, 16)	345
RTL_RTK_SWTCR0_LIMDBC_VLAN		0	346
RTL_RTK_SWTCR0_EN_UKVID_TO_CPU		BIT(15)	347
RTL_RTK_SWTCR1_SEL_CPU_REASON		BIT(8)	348
RTL_RTK_SWTCR1_EN_NATT2LOG		BIT(10)	349
RTL_RTK_SWTCR1_EN_FRAG_TO_ACLPT		BIT(11)	350
RTL_RTK_FFCR_EN_UNK_MCAST_TOCPU		BIT(0)	351
RTL_RTK_FFCR_EN_UNK_UCAST_TOCPU		BIT(1)	352
RTL_RTK_ACL_ACTION_PERMIT		0x0	353
RTL_RTK_ACL_ACTION_TOCPU		0x3	354
RTL_RTK_ACL_TYPE_ETHERNET		0x0	355
RTL_RTK_ACL_TYPE_UDP		0x7	356
RTL_RTK_ACL_TYPE_SRCFILTER		0x8	357
RTL_RTK_ACL_PKT_OP_ALL		0x7	358
RTL_RTK_RD05_LAN_VID		9	359
RTL_RTK_RD05_LAN_FID		0	360
RTL_RTK_DESC_OWN		BIT(0)	364
RTL_RTK_DESC_WRAP		BIT(1)	365
RTL_RTK_DESC_LAST		BIT(2)	366
RTL_RTK_DESC_FIRST		BIT(3)	367
RTL_RTK_TX_HWLKUP		BIT(4)	368
RTL_RTK_TX_BRIDGE		BIT(5)	369
RTL_RTK_RX_EXTSIZE_SHIFT		16	370
RTL_RTK_RX_LEN_MASK		0x3fff	371
RTL_RTK_TX_PH_LEN_SHIFT		6	372
RTL_RTK_TX_M_LEN_SHIFT		15	373
RTL_RTK_TX_DP_EXT_SHIFT		12	374
RTL_RTK_TX_DP_EXT_MASK		0x7	375
RTL_RTK_TX_DP_SHIFT		24	376
RTL_RTK_TX_DP_MASK		0x7f	377
RTL_RTK_TX_EXTSPA_SHIFT		30	378
RTL_RTK_TX_EXTSPA_MASK		0x3	379
RTL_RTK_DEFAULT_RX_RING		64	381
RTL_RTK_DEFAULT_TX_RING		64	382
RTL_RTK_MIN_RING		16	383
RTL_RTK_MAX_RING		512	384
RTL_RTK_DEFAULT_RX_BUFSZ		2048	385
RTL_RTK_DEFAULT_TX_PORT_MASK		0x7f	386
RTL_RTK_DEFAULT_TX_DP_EXT		0	387
RTL_RTK_DEFAULT_TX_EXTSPA		0	388
RTL_RTK_DEFAULT_RX_POLL_MS		100	389
RTL_RTK_REG_DUMP_LEN		(RTL_RTK_CPUICR1 + sizeof(u32))	390
RTL_RTK_RD05_PKTHDR_USED_INCOMING		0x9000	470
RTL_RTK_RD05_MBUF_FLAGS_RX		0x9c	471
RTL_RTK_NUM_STATS		ARRAY_SIZE(rtl8197f_rtk_gstrings_stats)	1015
RTL_RTK_RD05_RXTRACE_MAX_LOGS		96	2649
