family	relative_path	suffix	bytes	lines	sha256
B-map legacy API	Makefile		1601	49	6b0331ecdca4a50b24d867434e113a75a20cfe17c23d50d19b0a56b49c2fa5ab
B-map legacy API	rtk_api.c	.c	740436	21057	9f996a3fa44bedb764a226faeedb29862aa0e7aef0b135e393b4fc4363c87f4f
B-map legacy API	rtk_api.h	.h	43327	1684	d82ce3ebbb2c947f058930b9c46e450b296a64c90cd43a196e666ccfffa578eb
B-map legacy API	rtk_api_ext.h	.h	232734	6717	7b3051d0ac32e0d624b1467c7484cafc1608c98ed8af10b79e1f0004c8f6411e
B-map legacy API	rtk_error.h	.h	22967	225	39071a7e36f9075a465ea7aad98756289175dadba4a074e8b3ad00369ce13ba6
B-map legacy API	rtk_types.h	.h	1786	98	3e3a391963c9b3dba7c66bd0d06df86f2daf9e6c8935a57b66944082cfcf5bf5
B-map legacy API	rtl8367b_asicdrv.c	.c	14371	643	3b2610186d4460ecb96c43f70b6e07a42ff896eca41212c2996cc41916c54066
B-map legacy API	rtl8367b_asicdrv.h	.h	3757	128	564fb2597870fa0ecacc12f44f9f54076ac101fac72e4b1b72ddbe6a867ad59f
B-map legacy API	rtl8367b_asicdrv_acl.c	.c	31704	1111	fade7e833c37146432a1dada39e2f35b579ffab08d325ed25a9a0f701f154a00
B-map legacy API	rtl8367b_asicdrv_acl.h	.h	6356	248	7a28f6aa13f85ed0bbf8303f266e14f225db92e61ffa959ec1bd904683da321a
B-map legacy API	rtl8367b_asicdrv_cputag.c	.c	9608	348	8a8916be4b5d2c58904cf74570a37cebfa971607511f26f944b5442131f5f51b
B-map legacy API	rtl8367b_asicdrv_cputag.h	.h	1373	32	c2c7c55d677c47579cec47cee266a5853179baef868059f083f6ddf8b082f52b
B-map legacy API	rtl8367b_asicdrv_dot1x.c	.c	10905	406	ea1019ef90f3b44d9ab0109ed0695f4b40753434fe843f8a8c0daab60af19289
B-map legacy API	rtl8367b_asicdrv_dot1x.h	.h	1580	35	5e72c66bc37af7ba3aad77ebee8dc4fb9ff4526fe12ce947c0c1d1d3aab1d3ba
B-map legacy API	rtl8367b_asicdrv_eav.c	.c	14687	533	3ceccd43d9f7a4a6da663deb6f05db71da06953a62b98a256d17efaf6131ee16
B-map legacy API	rtl8367b_asicdrv_eav.h	.h	1768	30	21d163db10b0737fb5e63a4996bbe9a8a8f2895589d81583637cb1e366b1fb26
B-map legacy API	rtl8367b_asicdrv_eee.c	.c	3175	100	f99096fc2dc794bce9ba4ab6e4cdfa7c7a91222ef21fdba04f958493edddf630
B-map legacy API	rtl8367b_asicdrv_eee.h	.h	446	12	3d49fb52ec5856a38375ede1f449f7557acf2433308f9025052dd7af6e9ce7a3
B-map legacy API	rtl8367b_asicdrv_fc.c	.c	41418	1349	2dceb25ac2e8f356cc6f32f3cddf5b9352bee9ebcb32a177a1a6dadfeb8b8c75
B-map legacy API	rtl8367b_asicdrv_fc.h	.h	5442	82	f97fbbbd44ef97429269442a4fae0e36521dd677bdc2354ea271db810d098c51
B-map legacy API	rtl8367b_asicdrv_green.c	.c	14752	476	78329b177f2255e1ec0cb782fe1213043b7e0cb6012e458340de9bfa9c0acba2
B-map legacy API	rtl8367b_asicdrv_green.h	.h	1067	21	50a6bd2e3fc686770b486deb894565771d751b946b27f5df6549a0ca8beb302b
B-map legacy API	rtl8367b_asicdrv_hsb.c	.c	2715	83	ed219d6b2a845e8b1abaf4d4381da5512e4a1931486abc1fc4a3a43e911174f8
B-map legacy API	rtl8367b_asicdrv_hsb.h	.h	707	26	d3a845919e1df5416186c0245b6ec3f35f6a57d4ea776b45331dba544c67fadb
B-map legacy API	rtl8367b_asicdrv_igmp.c	.c	44282	1746	1595d2f48736cf27108fc1f499eb54a372ff9a9f5d95c7b17d16d8db291dd8d7
B-map legacy API	rtl8367b_asicdrv_igmp.h	.h	6446	150	99d17fdedc9d8d0e0af08324b0aa6d36540a0dccbb28737d836c4c206b1cc446
B-map legacy API	rtl8367b_asicdrv_inbwctrl.c	.c	5124	166	01d3b1ef99a381a0c48fe8b01d47be1f77bf913fa9e4e98f53c5259ce28b6723
B-map legacy API	rtl8367b_asicdrv_inbwctrl.h	.h	575	13	33a4de6a9663eef7eaa0d3430f1e8d287351ffbf44f2b9e3fe9f29904c68c805
B-map legacy API	rtl8367b_asicdrv_interrupt.c	.c	5958	205	e74a8e72e6bcbcdca86501b25a8d69c5936c33b0fdbacffc7f6c8915e9d817bf
B-map legacy API	rtl8367b_asicdrv_interrupt.h	.h	1333	48	79f88ef390094f5e5e96522d7bc7ba221d5948abb4ffbf37a2039f864e5adaf0
B-map legacy API	rtl8367b_asicdrv_led.c	.c	18749	578	9f7ba17aab2a269f87b72f43d5205c160530d930a4c5afabd3a91450d350ebb9
B-map legacy API	rtl8367b_asicdrv_led.h	.h	3131	115	821fa36abfb0bc476f2738d808844ca49d66bbdf92da2ce9fb87d41d515fe50f
B-map legacy API	rtl8367b_asicdrv_lut.c	.c	33913	1161	07c08d68b4a769287a6cbfe293b78f2b5a965afec78420e957f59448f7719a8f
B-map legacy API	rtl8367b_asicdrv_lut.h	.h	6896	302	0f623a5bbad94fa6644b8dce3ad0f5682ccf609de38b161e24a0d82af215da0e
B-map legacy API	rtl8367b_asicdrv_meter.c	.c	5494	190	7ff30ce65e02e80d9f51d4a6c6231fc9839e621375f88c3a6c5563c46c9b34ef
B-map legacy API	rtl8367b_asicdrv_meter.h	.h	669	15	f17264d1ebd46ac61157b2ac1766f05d2afb4c59149fa897b3b123294b7c3569
B-map legacy API	rtl8367b_asicdrv_mib.c	.c	13036	505	95e69c51733a8be05ef6f51d63b4656a3d67c6bc523e8475eb4d059dbf6067c7
B-map legacy API	rtl8367b_asicdrv_mib.h	.h	3113	112	09f452e32a3b50de96234cf6ed74c8bf9908a8f3cc2c089e063f05572a63fd34
B-map legacy API	rtl8367b_asicdrv_mirror.c	.c	6096	225	623b8b1900b630a84b004198c3fc57147a715673d1f4df218293ab95e085a424
B-map legacy API	rtl8367b_asicdrv_mirror.h	.h	1035	20	7283c5e1acdbeb7c684d4896abac8120e04556708f64361bd0f32600a46ffaf1
B-map legacy API	rtl8367b_asicdrv_misc.c	.c	12289	424	fff1d99a77dfc1c7f9db80da780c1e2f52077fb36ebc34190402c37be83a2b87
B-map legacy API	rtl8367b_asicdrv_misc.h	.h	823	17	24eb2c49573072f43e3329ed544d8f61d711236d32e299ed8ce4a0f12f278c9b
B-map legacy API	rtl8367b_asicdrv_phy.c	.c	14101	508	aeb3dc8daf7b287b42caffd72e1775a2d6a9b6f4e507387d9c8bb03c49641022
B-map legacy API	rtl8367b_asicdrv_phy.h	.h	1143	31	b219075e30a44ebabad37e9a83debf53bacf94b015ff74410a28e77fe194c986
B-map legacy API	rtl8367b_asicdrv_port.c	.c	30044	1030	f64bb63ac040caccf47b848962cb79316925233db139c32699e8368110433df9
B-map legacy API	rtl8367b_asicdrv_port.h	.h	6696	225	31269e319e09813314e74c94aa40dc9f1dbc2bc56e7dab248af24b444a5113cb
B-map legacy API	rtl8367b_asicdrv_portIsolation.c	.c	3530	121	0b86f844e44d6082d4c9b911b8ebb14a39a4a1a3126e3fbafb514a89dcbbd5d7
B-map legacy API	rtl8367b_asicdrv_portIsolation.h	.h	543	11	a8cf2ac60b52b0d3680e72ea9a276646a5c306d3632ca4321d011979cc26627b
B-map legacy API	rtl8367b_asicdrv_qos.c	.c	14704	497	d090f4c1a97ddc0137c635042fe904dfabb276b99fe97c43b5ebd6a052248cd9
B-map legacy API	rtl8367b_asicdrv_qos.h	.h	2222	45	4f6c431d79897ce36c7c2b163a340c6ed9eaaade71cb41729f7d4fd599a900a7
B-map legacy API	rtl8367b_asicdrv_rma.c	.c	3098	104	1ca498c62b26a17507e2ee22418db4558b43c2351edc6b4987573249a1aa0461
B-map legacy API	rtl8367b_asicdrv_rma.h	.h	993	44	064e886d87891d5b2e4b62f2184f4f235700212ddcf3f46525e940b84e405803
B-map legacy API	rtl8367b_asicdrv_scheduling.c	.c	13588	515	902871bb8c86b0a6b97a9e18e813ae094b649e7cd709f6841617744b19bbf9c8
B-map legacy API	rtl8367b_asicdrv_scheduling.h	.h	2201	41	5e71f455d2b56ec3ffdaf98c509544680f2461b82069b81dbd7fbe5ff694a673
B-map legacy API	rtl8367b_asicdrv_storm.c	.c	12008	405	fd2f64cfe25859a46114a0eb51cbe0e9199d77cb9a08067d8497a0433f86efde
B-map legacy API	rtl8367b_asicdrv_storm.h	.h	1687	25	8a49949515a0adedf1bace4b4de723196898fc5e1600f58757e15706d1cccc4c
B-map legacy API	rtl8367b_asicdrv_svlan.c	.c	26475	961	00dda17f1ee6a07b392b37a9fa0c7581b083b12bd3320504fef1b93d0f430c4c
B-map legacy API	rtl8367b_asicdrv_svlan.h	.h	6079	231	d74184a69382d05725adbefa4de30f3435c0623731b58fde87c8ff46855e9146
B-map legacy API	rtl8367b_asicdrv_trunking.c	.c	8459	296	53a885ebd517a7affe0a689049e98a05409ac111eea3ab0b1e34c70906a4a92b
B-map legacy API	rtl8367b_asicdrv_trunking.h	.h	1262	27	0c5c0ef971062e80bad6fac1c70959fb72601388eab5d76740d51ab2c00f31d7
B-map legacy API	rtl8367b_asicdrv_unknownMulticast.c	.c	6294	209	b6449a96accd82e92376c09bab723a5fa86c7ca1d71677489d66271f951a49a5
B-map legacy API	rtl8367b_asicdrv_unknownMulticast.h	.h	1424	42	fc348749f76695cd0027c3eb4d95996c0e1faffdd69781bb647bf0b2d314a10b
B-map legacy API	rtl8367b_asicdrv_vlan.c	.c	33010	1115	ec64def97b7574510894a0fa01ef82a7e694dc20a22237f82c1a663bba9a2eea
B-map legacy API	rtl8367b_asicdrv_vlan.h	.h	6431	194	048674752c6c92fe9b33a10f84bcd2638664a0fbe758dbf82ecad312d7279e84
B-map legacy API	rtl8367b_base.h	.h	31358	528	1d56972f26cdb972dff47ab62aeef1dda25801c818cbc4938e16ec637c8c00fc
B-map legacy API	rtl8367b_reg.h	.h	794839	16719	7942a65f5ff25ee68d766412740370ce77cfcc6fccd134825afc08608b0633e8
C-map v1.4 DAL	dal_rtl8367c_acl.c	.c	72086	2061	4419c820a28a411c5b0ac38cf12bf8d25e55d140f9db46329f34f9fd5409f2f2
C-map v1.4 DAL	dal_rtl8367c_acl.h	.h	16127	458	5fd82c0e2b7142fce78c3ebcfd82af536066a05f6f45957f4d477b89efc0e7ce
C-map v1.4 DAL	dal_rtl8367c_cpu.c	.c	14214	544	5b758e6f9f928992184da5a4d3041c765b41266b0829f15f81cba6596286167b
C-map v1.4 DAL	dal_rtl8367c_cpu.h	.h	8994	295	cdc2ce92364364976b7549a9d3eb8c84df3dfec722ea0c70ff31e1753c0676c0
C-map v1.4 DAL	dal_rtl8367c_dot1x.c	.c	24453	845	4e268c7b06ece32116cdfdc33db104583cbe098c3a41c0ad6c4239ba13901c87
C-map v1.4 DAL	dal_rtl8367c_dot1x.h	.h	15531	449	13f590cbce1fae3c2b6956c3e10fe5d362c4fc9b58a56666b604747f5a4f1665
C-map v1.4 DAL	dal_rtl8367c_eee.c	.c	4328	162	25915eb39b2ccdcb960df87c40ff8af197db6cf09b2f075474f183ef3573ccda
C-map v1.4 DAL	dal_rtl8367c_eee.h	.h	2385	84	09207f4cd760b1dddd45e129874bbef1f60a2e5d72a8854c6cd03c2b7bfe6f0c
C-map v1.4 DAL	dal_rtl8367c_i2c.c	.c	10991	415	335622514429b8b9cdf04d6e06a1a317906f87384c6d382e7dd8bb4e1d4aa33a
C-map v1.4 DAL	dal_rtl8367c_i2c.h	.h	4258	157	d55016fb6cc87a95b538d51a4fc62405d29d916dfcb70de95cdcca9335410a18
C-map v1.4 DAL	dal_rtl8367c_igmp.c	.c	41196	1556	bf24c1e05fcfe8c7b29c43626111669d8ab54ed7e30d7a33473ce99a58f87a52
C-map v1.4 DAL	dal_rtl8367c_igmp.h	.h	20049	680	53bbefb20e568d87e6800f9914071497d254f1392722f4fd3b3feedb28f7d88a
C-map v1.4 DAL	dal_rtl8367c_interrupt.c	.c	12972	436	1d2593c01f020070bcd14d52c9a548b0860436c1b453382c95058b98b5f06d00
C-map v1.4 DAL	dal_rtl8367c_interrupt.h	.h	6715	202	0115e2e7e95b2c301eff877e7a5570d989f7a9d2138f95606ee59ec3050eec87
C-map v1.4 DAL	dal_rtl8367c_l2.c	.c	87860	2928	6ca34d2bd429af5df29681fcb5e4cc232133a6b29c53165646b79c537e6e1cc9
C-map v1.4 DAL	dal_rtl8367c_l2.h	.h	35693	1037	4c35af66697fb9368bdf019a3b615f821d9a45ef234f9bb5e9954f75c9bbb6c4
C-map v1.4 DAL	dal_rtl8367c_leaky.c	.c	16614	593	c3c1d6e75d81905f0e524e2ee53f62ae5d8aec04d92cf0ff90191d5930bccf5c
C-map v1.4 DAL	dal_rtl8367c_leaky.h	.h	9633	316	91ee731f8edf2346d90a3ecadc19d2a4304e3c796cb2bb5db7dc5f6a7e7defda
C-map v1.4 DAL	dal_rtl8367c_led.c	.c	21756	808	0a4279045a4650b569963600c869dfe4a8a5128aad6c0bb70fd5e500f55baafb
C-map v1.4 DAL	dal_rtl8367c_led.h	.h	12891	412	50c94061ff4a14eefce221cb3b67c05ae3284c1da9b9ee45b77db5f61f23f367
C-map v1.4 DAL	dal_rtl8367c_mapper.c	.c	32851	602	4d5e7043fe0cd6843d08c45e6bfec9ad86b4d57da6cdfa552ebe22011afb8c30
C-map v1.4 DAL	dal_rtl8367c_mapper.h	.h	757	54	08f6158b0eff5af9aed7e9fd52b6cb35015d8d96681f30961c22e0dcb84677c3
C-map v1.4 DAL	dal_rtl8367c_mirror.c	.c	16110	552	1b89b02c39f4200e033546b09c2fb1362c6ba5f6706d50c038c68bd35e270984
C-map v1.4 DAL	dal_rtl8367c_mirror.h	.h	8730	268	eccae10dbb2550d52de63c1bf8cede24f1d43e86ab959d4bfe10e0f62a623d89
C-map v1.4 DAL	dal_rtl8367c_oam.c	.c	5564	243	7e642cbc1f6ff46bcf0999477fb3e13ec9a68abb69075cee1139ee70a0785bd9
C-map v1.4 DAL	dal_rtl8367c_oam.h	.h	3863	173	24f56ed5bea82bd958b2518ca9216e7a9e06bd004b78ab020da13a51a124f84c
C-map v1.4 DAL	dal_rtl8367c_port.c	.c	130854	4100	9e35b483435865c53363b1a2e4e914205655156a5469be4ddba07eff111b117f
C-map v1.4 DAL	dal_rtl8367c_port.h	.h	33789	1016	6a682598b4bd1b247148d70f41d28c0fda0e8936cd60a4b8ee7ba5ed745ac844
C-map v1.4 DAL	dal_rtl8367c_ptp.c	.c	20259	755	44242eb4874f50257002fd9571b9741892e2855147c29b5fd177eb985be1efb2
C-map v1.4 DAL	dal_rtl8367c_ptp.h	.h	13945	462	5416fd4a26c3692c22c26b9de9e220257814558d02d9f5c6528cf5e9390639b4
C-map v1.4 DAL	dal_rtl8367c_qos.c	.c	42234	1448	1f990c5cfa2faa39bca325d81ad764088a05b1b85f0a23d17074f644204b1b12
C-map v1.4 DAL	dal_rtl8367c_qos.h	.h	23535	681	ab1e6e48782bb253982d8f8407407e4786721c6ec3eeeffaf6116259ecff74e7
C-map v1.4 DAL	dal_rtl8367c_rate.c	.c	18203	608	4b24d6a53d2179e47f566be3d4da0d932befdafcd3ed8c15d8d2f1bbade5c180
C-map v1.4 DAL	dal_rtl8367c_rate.h	.h	10573	298	be927069118deb004c62a2dbd05ae264752fecbaae72e9327c42ffa2ab16d9a2
C-map v1.4 DAL	dal_rtl8367c_rldp.c	.c	11367	454	447d52d3c4e0696aa62b42fe1ce7ac8521c4b5486827030f81f4b4e142677ce1
C-map v1.4 DAL	dal_rtl8367c_rldp.h	.h	4455	194	a135930168728753236cc636a85d4e9b4503e6e2bea1615a16863cefb7e61219
C-map v1.4 DAL	dal_rtl8367c_stat.c	.c	23592	766	5bfd0de2b1394a0c7ee4dfcfcb7518c7945deb7d4d7e7b9d38064c8c87a2d62d
C-map v1.4 DAL	dal_rtl8367c_stat.h	.h	8536	281	615a39ad839c9445c7946d32d9263da6c0eb7e546adb09610c71366b2187bcbd
C-map v1.4 DAL	dal_rtl8367c_storm.c	.c	24170	817	13301107330f6354a794c84918609034f7af52c10f728f92ce24a1b408109c7b
C-map v1.4 DAL	dal_rtl8367c_storm.h	.h	10816	355	a6e94fe8f9ada3e3b1e49970bc2e047ed51fca8e78981f0c04df33b14aea2767
C-map v1.4 DAL	dal_rtl8367c_svlan.c	.c	71974	2441	f817ed6823f25324b96114da2092b628f86c878f13746ded279cb61e473114ca
C-map v1.4 DAL	dal_rtl8367c_svlan.h	.h	30342	843	b642b8634e9cda95598e95772c48e6fc59eac3756b188b28d507380662d7884a
C-map v1.4 DAL	dal_rtl8367c_switch.c	.c	27088	783	be078d41bb4f6dff99b0413a54ecda78b31092b9c8024745ad33e8cfab09e4a9
C-map v1.4 DAL	dal_rtl8367c_switch.h	.h	4549	182	59f5e6b9c8f6549721b6eb995ee6e3c358bb719d9b2e5a8c3680eb96260af302
C-map v1.4 DAL	dal_rtl8367c_trap.c	.c	37746	1304	debd3402e3d68d4ebee86f6591f632e3f914f359178095be76f54bc906b74914
C-map v1.4 DAL	dal_rtl8367c_trap.h	.h	21579	650	4f168e35bcb4cb16344a0ddb7eace76bd9f4a4fe15bcc284419996786b9191ff
C-map v1.4 DAL	dal_rtl8367c_trunk.c	.c	17206	607	f1573a3aa495173fd9cbfa30435d41e65095e998a83f26348a3548ea6a49f588
C-map v1.4 DAL	dal_rtl8367c_trunk.h	.h	9738	289	bfdf068d37f5053b0aab1c0c68793ff0f0879213f4137823be052c1263623cfe
C-map v1.4 DAL	dal_rtl8367c_vlan.c	.c	62290	2136	082b4e937ba43cdb57605dafe43adb39dfeb3500fcc24ec996a7cf3e27399bc7
C-map v1.4 DAL	dal_rtl8367c_vlan.h	.h	26725	806	38d97957f532e393ceaaafa8678769564223ff5b596ed38ff95f71e7f5558929
C-map v1.4 DAL	rtl8367c_asicdrv.c	.c	15396	641	5ff76444aa302a7d3fc37cb5e1c966d1c39f01eb1cb9d0ddaf96447380778891
C-map v1.4 DAL	rtl8367c_asicdrv.h	.h	3549	111	bb349d5c38b62a97d60f9806a5c2cd38d1ae8541dd38c8957d2425c59153f60d
C-map v1.4 DAL	rtl8367c_asicdrv_acl.c	.c	37294	1175	25b14ddc9bdd8ad72ea43c3958f73e857b5f6cdb4e690f48b5c2ae27cec160f2
C-map v1.4 DAL	rtl8367c_asicdrv_acl.h	.h	6249	214	502995ec9f7ba711fff667733dadb26f205168a337a8114df5cf7cc330475d7d
C-map v1.4 DAL	rtl8367c_asicdrv_cputag.c	.c	10330	371	1f4c29ad1fae2e4bde16dd3df71398b2b118c7e8bf2092e5a65aee2ddc564276
C-map v1.4 DAL	rtl8367c_asicdrv_cputag.h	.h	1373	32	1a19d3752a7f40532ecc1584bbc665ac348539ab97bd6083fc98d2a25bd4a317
C-map v1.4 DAL	rtl8367c_asicdrv_dot1x.c	.c	11485	417	a78416d2a688a6be94af2145c169029c3852df731df0f8ee10fafce2a57224dd
C-map v1.4 DAL	rtl8367c_asicdrv_dot1x.h	.h	1580	35	297684e4aa50b1b7f42f1759329e507f4cd3f25fd4fb0c33582f6d21e3c6c596
C-map v1.4 DAL	rtl8367c_asicdrv_eav.c	.c	27436	871	9a6f5bdddf9d96f85f0f724fb7aab7e1c0cb72b660aefc4b934d5d8aada3a413
C-map v1.4 DAL	rtl8367c_asicdrv_eav.h	.h	3292	92	3f4f3bcc4faa2f51297d01855640156175aa7c2b591501fac54f55f5f701cf30
C-map v1.4 DAL	rtl8367c_asicdrv_eee.c	.c	4588	165	5d43505ccb12d61b936126a97b5f9f3a7f814a0e84890e21536fa14b1001144d
C-map v1.4 DAL	rtl8367c_asicdrv_eee.h	.h	472	14	ed62db4cc4e9b312934d7f2ee84ca6740710ffc2f0fb76365bbf7bb4fd07d6d9
C-map v1.4 DAL	rtl8367c_asicdrv_fc.c	.c	42113	1356	d03de3bfb839abfecb5fbbea88466fa62c3d0dcd5826837676f63266a0c5d853
C-map v1.4 DAL	rtl8367c_asicdrv_fc.h	.h	5422	81	75d44c663c5ddcccc5fe8cf151c5e4e87426a8126c98bada21785834ab2b6506
C-map v1.4 DAL	rtl8367c_asicdrv_green.c	.c	18766	625	bb116a23084b2dae642db328d0233b0ff304b915a9432f7c0b3dfc7076ecc64b
C-map v1.4 DAL	rtl8367c_asicdrv_green.h	.h	987	19	61076fecbd89237fa5280a5946c83ae12ffb0b9a76dec6da05c15674556daef1
C-map v1.4 DAL	rtl8367c_asicdrv_hsb.c	.c	2740	83	efb48d5438e7109d71a97101fc34e39c313a8dbaa206d62f64dc84ddb5a5ab3d
C-map v1.4 DAL	rtl8367c_asicdrv_hsb.h	.h	725	26	14d11bb65d2469faa56044a8bd6904f698aae056ec23ae5263bcf7ad82154fcf
C-map v1.4 DAL	rtl8367c_asicdrv_i2c.c	.c	11495	476	25589ab38209ac6877af628730fa90c7e98a57452431e643f877bbda7abc21ce
C-map v1.4 DAL	rtl8367c_asicdrv_i2c.h	.h	877	29	98fa9659efb14ddb849f99f91ddae9e1efcc4a3aefc08638850c85749fed4740
C-map v1.4 DAL	rtl8367c_asicdrv_igmp.c	.c	55659	2111	831f585687906612cec3b78123dd9c0f20b4452647153e8927d5cb82f9268c34
C-map v1.4 DAL	rtl8367c_asicdrv_igmp.h	.h	6023	134	8b78f44b76e066e14eb6bc61d6df88787554ac80810918d3e5830217cb077126
C-map v1.4 DAL	rtl8367c_asicdrv_inbwctrl.c	.c	5413	166	e62bfef89a756b1fa0ca34c9839598f076a85c060be36867bac83376d01efcd3
C-map v1.4 DAL	rtl8367c_asicdrv_inbwctrl.h	.h	575	13	43637a4da415d2167c012631ce8cc9e13ba38a6455a220fb65101cb06cad90ce
C-map v1.4 DAL	rtl8367c_asicdrv_interrupt.c	.c	6770	207	6dde98297832784fcaf6c3c3c41857460225e4251e595f8d73e4a38c3fd12063
C-map v1.4 DAL	rtl8367c_asicdrv_interrupt.h	.h	1399	49	995bf68ce2b48ab2fc9ccc0562075200537a49f86b0a0b193abc767e93840f49
C-map v1.4 DAL	rtl8367c_asicdrv_led.c	.c	26210	819	84bed6eb598ad26f3f54dd8487e81902c4149d7ae8c4d8ef7b9428cb3226ca10
C-map v1.4 DAL	rtl8367c_asicdrv_led.h	.h	3479	121	0fd1989f5286342f96dcf42aabb1ee127756cfbd289795437b047a60eb1cef8f
C-map v1.4 DAL	rtl8367c_asicdrv_lut.c	.c	46128	1548	d235637217d91fab6576bc8ba33db7e8d45377769407870cd2772148c5482230
C-map v1.4 DAL	rtl8367c_asicdrv_lut.h	.h	5133	141	cbfc4901e7eb9d7148028af4122f02619a5e916a26355b24ab9db1f4a6d37044
C-map v1.4 DAL	rtl8367c_asicdrv_meter.c	.c	9206	307	3e4e1096931f7f66e05f96db6cf10b761197af78d0008759ad1524e105209ba8
C-map v1.4 DAL	rtl8367c_asicdrv_meter.h	.h	831	17	4d9188cc422bc4660855d06e4facc2c48851ad8f93a4c67fef661035e7cf9f78
C-map v1.4 DAL	rtl8367c_asicdrv_mib.c	.c	17697	637	9c7f35a126b1bf37a7d9172b669479c2b0e31f7e6abf23811091b8adfb6442e5
C-map v1.4 DAL	rtl8367c_asicdrv_mib.h	.h	3477	116	0c2390bbd9e4047f724d4d2c574a627cac4c7fcc459400402f033f3839a639ac
C-map v1.4 DAL	rtl8367c_asicdrv_mirror.c	.c	13507	474	38476907e4bf1ed94e1e8b06ff818554c3b11e35a6a05dbdf51cf04bb024fae6
C-map v1.4 DAL	rtl8367c_asicdrv_mirror.h	.h	2005	32	aac2cf2a8befd4c48110d749a5801b74c0abb6d0f991d90e194a2b8b1a738af1
C-map v1.4 DAL	rtl8367c_asicdrv_misc.c	.c	6491	262	385bd2e439d22b84b0a470a63096eae34b6e54d0ed4e3b12dc4ba9dc24580384
C-map v1.4 DAL	rtl8367c_asicdrv_misc.h	.h	813	17	ae3083080e940660fb09877eef99d04cf2add6643b259240571df82d1a560181
C-map v1.4 DAL	rtl8367c_asicdrv_oam.c	.c	5500	196	e357b0ebcdd6227849c1eda35f56ced61f6acd6a49942dfcb0e2f7b0313b8a76
C-map v1.4 DAL	rtl8367c_asicdrv_oam.h	.h	879	30	09a53fc30f80e91151e12ad6b308fa5928238ab7fed025269d074da6b7142e11
C-map v1.4 DAL	rtl8367c_asicdrv_phy.c	.c	12355	429	baae94ba729d44f65311b4bb36ac62a056b072004aeb115b0cbbdd5095c28ccb
C-map v1.4 DAL	rtl8367c_asicdrv_phy.h	.h	1179	28	daae12af33b378cf1f81381345ef34aa1b3546edc41ac9b7ced2bc60379791de
C-map v1.4 DAL	rtl8367c_asicdrv_port.c	.c	219027	6052	3d09503c3d3592e8e1eb871028ae887c64ecea1d82aa7139acda8319b61245dd
C-map v1.4 DAL	rtl8367c_asicdrv_port.h	.h	6737	205	93bcf151d2127f6d6879e7356d344db34575788753b90cf50fae25001fb187a4
C-map v1.4 DAL	rtl8367c_asicdrv_portIsolation.c	.c	3548	121	6761f080e845b28d50ce39ee81a074693a242dc0fa0dd36687a7458475c1ec9a
C-map v1.4 DAL	rtl8367c_asicdrv_portIsolation.h	.h	543	11	5a6f3855bf6cdd6aa9b6063f9f4f43b227367eeaa31344bc13946bd38de992b8
C-map v1.4 DAL	rtl8367c_asicdrv_qos.c	.c	23185	780	513c285805d9ef8e185a38bf5c8a4b4b983b89e24ef7c302afb6906ec74b25b2
C-map v1.4 DAL	rtl8367c_asicdrv_qos.h	.h	3271	79	3fa4aa26de6a041ba136b22c67e61b4573034f811719cf2cfd05a4d2b447228a
C-map v1.4 DAL	rtl8367c_asicdrv_rldp.c	.c	17741	676	42278216faa1ba74b13fed91a22e36a86c6ce86873003e1f850705605d0a2296
C-map v1.4 DAL	rtl8367c_asicdrv_rldp.h	.h	2289	43	f02d765a97ca4f9b68e3ab90c273b8699332b74b3427d9e8105c03c3ebdccad1
C-map v1.4 DAL	rtl8367c_asicdrv_rma.c	.c	11277	363	4d829633159d4ac2d01d1c0e478b40cd1cd03ae7e4daae8be8730d8a07c5d0e6
C-map v1.4 DAL	rtl8367c_asicdrv_rma.h	.h	1133	40	421e0dca76ab64fa4592dba8d43f42830acaff428e3fdf9c6f8c420b1abcc6ec
C-map v1.4 DAL	rtl8367c_asicdrv_scheduling.c	.c	14361	527	703f9fe8a3794e686d72eb8306776c4f2ed02ab7834439b807eb6c2e99f01f2f
C-map v1.4 DAL	rtl8367c_asicdrv_scheduling.h	.h	2207	41	b76e5dfe880fc5abd8d28ee6c3894b038931bfeeffc058623938b70edfc0c193
C-map v1.4 DAL	rtl8367c_asicdrv_storm.c	.c	24661	853	279e14de68cba72e5cbe854c77ff76fc633f87cc0abccf14107986043a9ee9d0
C-map v1.4 DAL	rtl8367c_asicdrv_storm.h	.h	3170	44	94ca89384ab2d55ebb824cab017e47aa9765fa78ee754fde4217e5665999bbb7
C-map v1.4 DAL	rtl8367c_asicdrv_svlan.c	.c	29326	1007	9f02803d2fb1f1e25f6ef8e56b73f490046c463079ace64fec71bcac1fc3c349
C-map v1.4 DAL	rtl8367c_asicdrv_svlan.h	.h	4179	115	93a9c6411501e8c28e5eb400846afb367614fabe791ea841d631993ac2d63196
C-map v1.4 DAL	rtl8367c_asicdrv_trunking.c	.c	10851	358	3bf1f3648bb8fa487b0145e1cfa18d53e5dce62e92b6e2e967a7be77ec9d6064
C-map v1.4 DAL	rtl8367c_asicdrv_trunking.h	.h	1491	30	5f63eaf3b8329b2627a4f6a60973dbe289541a6da06a5f420f3490387e2f0469
C-map v1.4 DAL	rtl8367c_asicdrv_unknownMulticast.c	.c	7051	238	c91746b0bceff1ae25154d69c25dafee112beae8b6a6d432a6c53225cc58f517
C-map v1.4 DAL	rtl8367c_asicdrv_unknownMulticast.h	.h	1436	42	f0ac96a92a1597ffdfb79f856936d83dbc7e6da2ab8658b40abb9b9a81257e11
C-map v1.4 DAL	rtl8367c_asicdrv_vlan.c	.c	47485	1529	b275c9ad1cc33e237a0d741ac5eb99abe06dca74b6813fd1f9fba973e6154e15
C-map v1.4 DAL	rtl8367c_asicdrv_vlan.h	.h	5486	139	ab883fc3184e914fb9556857bd7583fdf170a8dcab2433627ea1f0e6cab279c6
C-map v1.4 DAL	rtl8367c_base.h	.h	39628	579	a3dc350511b6b8bc7128d70f5503322e68633cf870dbe2090e6d484ec5f62b9e
C-map v1.4 DAL	rtl8367c_reg.h	.h	1066573	22819	2f1160c72c2e6140bee61868e859080ccb68f430a8bb24ac194e8c86b56f635d
C-map v1.4 DAL	rtl8367c_smi.c	.c	11251	424	4aab154b01d2f444617c5a683929f9248569b1372b2220a938feffdad29337f9
C-map v1.4 DAL	rtl8367c_smi.h	.h	1157	41	31ff6da15b096923a21a3473016ddc8c8c9cecca18b0dc55f0df89336b6b66b7
D-map v1.4 DAL	dal_rtl8367d_acl.c	.c	84461	2393	b11129c047aa3523c43ed1b0a000d0a289518b7cbbedf622a5c4e6375a9f49f9
D-map v1.4 DAL	dal_rtl8367d_acl.h	.h	16470	507	468094ad9444403b0ffb67c20a5fbd98384eeb87fb4dd61f7154a2aae4b32bca
D-map v1.4 DAL	dal_rtl8367d_cpu.c	.c	16457	576	6c2209bcc001d8c0ce535d4ad5634724b3b41227b76f141d280309f745dd0eae
D-map v1.4 DAL	dal_rtl8367d_cpu.h	.h	8994	295	9d97b9e0acab4b9dc9e3945b27fe21fb3774940da1cd5cb8854c5d82b7a3488b
D-map v1.4 DAL	dal_rtl8367d_dot1x.c	.c	13106	438	2ac6c1c36b3425e146d00e36de2113c87878757433cd952afc42d69c40edaa18
D-map v1.4 DAL	dal_rtl8367d_dot1x.h	.h	8366	243	43495c4e595ba559ce7faff4f61d8f73223bc5d9c65736eb42f5048186aa4e64
D-map v1.4 DAL	dal_rtl8367d_eee.c	.c	3490	134	704f769be8fbdfc7a7c6eb16ab124fa6ae7282dd2b57650749c9eb776d4b8125
D-map v1.4 DAL	dal_rtl8367d_eee.h	.h	1985	67	d50775c5143e0873cb4066724807ebc9c01d4a259db02b7a64ce5b25032e249b
D-map v1.4 DAL	dal_rtl8367d_igmp.c	.c	10175	300	ab20682406b909b6b4bf1d2443819e8bcb9d84c9910c4b5e4566eb46a9f92af9
D-map v1.4 DAL	dal_rtl8367d_igmp.h	.h	3090	101	c8889e01278f71a2909b6ed665aafb445d7d089692187fe27209392601a13c96
D-map v1.4 DAL	dal_rtl8367d_interrupt.c	.c	16040	490	ff7ce31a4d29dcfe2d783bda67a6157c00732446cf00fb29e57ee5d3048cf892
D-map v1.4 DAL	dal_rtl8367d_interrupt.h	.h	7299	220	a4efd713f14941d6f4873db7373b2d639920d832a5875168adf722f58e9cde55
D-map v1.4 DAL	dal_rtl8367d_l2.c	.c	89544	2948	968cc0c55d924a283a623746e4e0550494abd830663d8fcf30806549dde22536
D-map v1.4 DAL	dal_rtl8367d_l2.h	.h	34588	1011	0e236906b368536f7c3e8a4cab110b62f23f92f5245f491bd14e2852bd47bd13
D-map v1.4 DAL	dal_rtl8367d_leaky.c	.c	17837	566	a0522c82d27ee244d32d4fa433be056faa0d0293db694f849ec4a3b0321f5a13
D-map v1.4 DAL	dal_rtl8367d_leaky.h	.h	9633	316	5e39cc8f2abd467aaaad7560005a99822ada6b8a88ceadae7294a6f2cd09f81d
D-map v1.4 DAL	dal_rtl8367d_led.c	.c	22663	790	f18e654ae04a92b3ca2b45e1ae92dda737d9f0999894a2ce8f34039958da83ae
D-map v1.4 DAL	dal_rtl8367d_led.h	.h	12063	384	b75305eaad04ec40ce9ec1218105d83dd6d3432515aaa1ea8c28602ec1ed045e
D-map v1.4 DAL	dal_rtl8367d_mapper.c	.c	29861	605	ee62e7c4605ee5b6dffdde6b68e697182b976d7de8a3b7f3ae3bc8dd08462a1f
D-map v1.4 DAL	dal_rtl8367d_mapper.h	.h	757	54	5650fc2b8ef541a0f657bec153f86838b733ecd703537fdd1bc0e4bc220e3957
D-map v1.4 DAL	dal_rtl8367d_mirror.c	.c	17146	534	d74065cd0e4308741bc8c051a8409e90d48cc48653784706b8914cff5ecde149
D-map v1.4 DAL	dal_rtl8367d_mirror.h	.h	8730	268	d7316d8030f6bb7fd50d075a6dededf903942d65fb327385004b4862d98ce4ed
D-map v1.4 DAL	dal_rtl8367d_port.c	.c	139423	4375	f38f14da47656dbee95e0b63b22052305f68b245bc1df4bfa3d8c391602800d1
D-map v1.4 DAL	dal_rtl8367d_port.h	.h	32902	995	53daac01f61605f2c96f04ee7707c396ad12124fc698de7b07286592d07cb320
D-map v1.4 DAL	dal_rtl8367d_qos.c	.c	49487	1490	79b219a93ffcf41e741d559498d51f295933bb6f0abf8f4b585fb8f2ae3f0a50
D-map v1.4 DAL	dal_rtl8367d_qos.h	.h	23705	687	bc1bc8c0eb7ac124e3bac0734696b3250097ed470c5ca51d37bc1b83f60da89f
D-map v1.4 DAL	dal_rtl8367d_rate.c	.c	22894	697	f4ed972c84b02394e2142053002b8379d4feaf8e4f271cdf32e3ee1a04c412bb
D-map v1.4 DAL	dal_rtl8367d_rate.h	.h	10625	299	9048701ea7013c7044d50aa7462051dcb568cb2ed162c281b6f7965eaf155c24
D-map v1.4 DAL	dal_rtl8367d_rldp.c	.c	12857	479	a4f29710efbeadcb541b10960221f7dcccc383b53169d9246c1e4b9083fd1333
D-map v1.4 DAL	dal_rtl8367d_rldp.h	.h	4455	194	aabeb87940f725548044c28a2ccf945617d31faa58b06a730944b4357ff8d1d3
D-map v1.4 DAL	dal_rtl8367d_stat.c	.c	31158	1021	e9f9666a99443eb38955575230ae19276da92e5ca0969bf01b3f058e15c0ef75
D-map v1.4 DAL	dal_rtl8367d_stat.h	.h	10552	369	e81d6e606bd3d4d4e02799054a6b6f2c73630865aa408aa81d81b761f63bd907
D-map v1.4 DAL	dal_rtl8367d_storm.c	.c	27519	824	f6af5fc1e734ced2f6b8bbf03691e29ef7c8275f8f9958a6439439b631e94af4
D-map v1.4 DAL	dal_rtl8367d_storm.h	.h	10816	355	1b067c82ccfbd86c58fcd91b7f2c5b2df0086b6ad9fe778426b3edb58d1ad0c2
D-map v1.4 DAL	dal_rtl8367d_svlan.c	.c	40296	1270	a465384049c45f449da4505458039b11f3635f7ff5b17c77cc3ce3232ed41c90
D-map v1.4 DAL	dal_rtl8367d_svlan.h	.h	18230	524	6b885f242365f2c59e164d9b98315f4fa4fdf41d982ea6f0ee89cd12fe67e92f
D-map v1.4 DAL	dal_rtl8367d_switch.c	.c	5092	204	3c9e0430495ca3c1c650a7299fee0097f1b2bfb70531746f1e20203f7285b3b7
D-map v1.4 DAL	dal_rtl8367d_switch.h	.h	3479	142	982486d702801e11aa998099710f6007cba6692fd02461991f835cadb99786a9
D-map v1.4 DAL	dal_rtl8367d_trap.c	.c	41103	1291	82a0c19ab58c3e93c8e5430d05d57607f680cd1b1a43dd5871f85a1fff135c21
D-map v1.4 DAL	dal_rtl8367d_trap.h	.h	22019	660	dbf84ae8c68ac4a7314e6269da169d95bbd79a02af6d1e8b76ff9050b53360a8
D-map v1.4 DAL	dal_rtl8367d_trunk.c	.c	17389	560	f22a5b17ed2630d716361804639ddfa71d2ff47774c50d327e5f6e31aa7d0fc9
D-map v1.4 DAL	dal_rtl8367d_trunk.h	.h	9738	289	6578674ad7ccb63839e6b8bca4497ffb9da10c9e5de55e5729b12f9958ce1f07
D-map v1.4 DAL	dal_rtl8367d_vlan.c	.c	41922	1429	ad803a3c9455bf8f2047013a916947b94a1e52f74d71be65e4c95260bb26298d
D-map v1.4 DAL	dal_rtl8367d_vlan.h	.h	20047	626	5d09f6ec088c2a7d0cdab2876f640cd09840909846ba51033b85bd6d6a5f1b9f
D-map v1.4 DAL	rtl8367d_asicdrv.c	.c	15380	641	e5942f04b83285a94b59dd5889deebd5846514e1f533d66a9a328e6b682baaca
D-map v1.4 DAL	rtl8367d_asicdrv.h	.h	2751	79	a6868b562171489037edb270924f4fb8c8a7ede33570049b02b803e6fa795978
D-map v1.4 DAL	rtl8367d_reg.h	.h	563635	12393	2d1cbb61dfb8f771a536fabb24dac67cf874f0491ebb2e7d4dcd50fd16bdbfd2
D-map v1.4 DAL	rtl8367d_smi.c	.c	12455	453	b1ed32d0f506c3d1ac7bf586771d61ef7482a45aa9456b3bef8fca9fc2c3723c
D-map v1.4 DAL	rtl8367d_smi.h	.h	272	13	d2ed471fd2a280edbb6fc47393d601febda8b58f21f53ad64ac6736f321437fb
